{
  "Triage_1": {
    "f1_score": 0.82,
    "precision": 0.84,
    "recall": 0.8,
    "conf_mat": {
      "true_positive": 120,
      "true_negative": 95,
      "false_positive": 18,
      "false_negative": 22
    }
  },
  "deberta": {
    "f1_score": 0.9018169454644364,
    "precision": 0.9130583142347849,
    "recall": 0.9,
    "confusion_matrix": [
      [
        1,
        0,
        0,
        0,
        0
      ],
      [
        0,
        20,
        1,
        1,
        0
      ],
      [
        0,
        1,
        16,
        2,
        0
      ],
      [
        0,
        0,
        0,
        8,
        0
      ],
      [
        0,
        0,
        0,
        0,
        0
      ]
    ]
  },
  "setfit": {
    "f1_score": 0.5000137931034483,
    "precision": 0.6918347338935574,
    "recall": 0.5,
    "confusion_matrix": [
      [
        1,
        0,
        0,
        0,
        0
      ],
      [
        1,
        7,
        10,
        4,
        0
      ],
      [
        2,
        0,
        10,
        6,
        1
      ],
      [
        0,
        0,
        1,
        7,
        0
      ],
      [
        0,
        0,
        0,
        0,
        0
      ]
    ]
  },
  "rag": {
    "f1_score": 0.8484444444444444,
    "precision": 0.8645,
    "recall": 0.84,
    "confusion_matrix": [
      [
        1,
        0,
        0,
        0,
        0
      ],
      [
        0,
        20,
        2,
        0,
        0
      ],
      [
        0,
        2,
        14,
        3,
        0
      ],
      [
        0,
        0,
        0,
        7,
        1
      ],
      [
        0,
        0,
        0,
        0,
        0
      ]
    ]
  }
}