{
  "1": {
    "precision": 0.25,
    "recall": 1.0,
    "f1-score": 0.4,
    "support": 1.0
  },
  "2": {
    "precision": 1.0,
    "recall": 0.3181818181818182,
    "f1-score": 0.4827586206896552,
    "support": 22.0
  },
  "3": {
    "precision": 0.47619047619047616,
    "recall": 0.5263157894736842,
    "f1-score": 0.5,
    "support": 19.0
  },
  "4": {
    "precision": 0.4117647058823529,
    "recall": 0.875,
    "f1-score": 0.56,
    "support": 8.0
  },
  "5": {
    "precision": 0.0,
    "recall": 0.0,
    "f1-score": 0.0,
    "support": 0.0
  },
  "accuracy": 0.5,
  "macro avg": {
    "precision": 0.4275910364145658,
    "recall": 0.5438995215311004,
    "f1-score": 0.38855172413793104,
    "support": 50.0
  },
  "weighted avg": {
    "precision": 0.6918347338935574,
    "recall": 0.5,
    "f1-score": 0.5000137931034483,
    "support": 50.0
  }
}