{
  "accuracy": 0.88,
  "macro_f1": 0.9034750337381916,
  "weighted_f1": 0.8820188933873144,
  "under_triage_rate": 0.12,
  "over_triage_rate": 0.0,
  "confusion_matrix": [
    [
      1,
      0,
      0,
      0,
      0
    ],
    [
      0,
      18,
      3,
      1,
      0
    ],
    [
      0,
      0,
      17,
      2,
      0
    ],
    [
      0,
      0,
      0,
      8,
      0
    ],
    [
      0,
      0,
      0,
      0,
      0
    ]
  ],
  "classification_report": {
    "1": {
      "precision": 1.0,
      "recall": 1.0,
      "f1-score": 1.0,
      "support": 1.0
    },
    "2": {
      "precision": 1.0,
      "recall": 0.8181818181818182,
      "f1-score": 0.9,
      "support": 22.0
    },
    "3": {
      "precision": 0.85,
      "recall": 0.8947368421052632,
      "f1-score": 0.8717948717948718,
      "support": 19.0
    },
    "4": {
      "precision": 0.7272727272727273,
      "recall": 1.0,
      "f1-score": 0.8421052631578947,
      "support": 8.0
    },
    "5": {
      "precision": 0.0,
      "recall": 0.0,
      "f1-score": 0.0,
      "support": 0.0
    },
    "accuracy": 0.88,
    "macro avg": {
      "precision": 0.7154545454545455,
      "recall": 0.7425837320574163,
      "f1-score": 0.7227800269905533,
      "support": 50.0
    },
    "weighted avg": {
      "precision": 0.8993636363636364,
      "recall": 0.88,
      "f1-score": 0.8820188933873144,
      "support": 50.0
    }
  }
}