{
  "recommended_metric": "val_macro_f1",
  "train": {
    "accuracy": 0.9946360153256705,
    "macro_f1": 0.9946807462433178,
    "weighted_f1": 0.9946353070061985,
    "under_triage_rate": 0.0026819923371647508,
    "over_triage_rate": 0.0026819923371647508
  },
  "val": {
    "accuracy": 0.5,
    "macro_f1": 0.38855172413793104,
    "weighted_f1": 0.5000137931034483,
    "under_triage_rate": 0.42,
    "over_triage_rate": 0.08
  },
  "test": {
    "accuracy": 0.9256410256410257,
    "macro_f1": 0.9188553703174549,
    "weighted_f1": 0.9257922241235372,
    "under_triage_rate": 0.046153846153846156,
    "over_triage_rate": 0.028205128205128206
  }
}