{
  "1": {
    "precision": 0.9959266802443992,
    "recall": 0.9979591836734694,
    "f1-score": 0.9969418960244648,
    "support": 490.0
  },
  "2": {
    "precision": 0.9906890130353817,
    "recall": 0.9906890130353817,
    "f1-score": 0.9906890130353817,
    "support": 537.0
  },
  "3": {
    "precision": 0.9924098671726755,
    "recall": 0.9924098671726755,
    "f1-score": 0.9924098671726755,
    "support": 527.0
  },
  "4": {
    "precision": 1.0,
    "recall": 0.9924098671726755,
    "f1-score": 0.9961904761904762,
    "support": 527.0
  },
  "5": {
    "precision": 0.9943609022556391,
    "recall": 1.0,
    "f1-score": 0.9971724787935909,
    "support": 529.0
  },
  "accuracy": 0.9946360153256705,
  "macro avg": {
    "precision": 0.9946772925416191,
    "recall": 0.9946935862108404,
    "f1-score": 0.9946807462433178,
    "support": 2610.0
  },
  "weighted avg": {
    "precision": 0.9946440577061259,
    "recall": 0.9946360153256705,
    "f1-score": 0.9946353070061985,
    "support": 2610.0
  }
}